{"pass@1": 0.040426829268292684, "pass@10": 0.06579071150715766, "pass@100": 0.08764228719065376}