{"pass@1": 0.01554878048780488, "pass@10": 0.05281150291852865, "pass@100": 0.09617273132427773}