{"pass@1": 0.024786585365853667, "pass@10": 0.058826964599489995, "pass@100": 0.07470224242051055}