{"pass@1": 0.01926829268292683, "pass@10": 0.05928231320246823, "pass@100": 0.08800148459169747}