{"pass@1": 0.15542682926829265, "pass@10": 0.2529019242020292, "pass@100": 0.3155560697360497}