{"pass@1": 0.14658536585365856, "pass@10": 0.3278356276947017, "pass@100": 0.5529879881295757}