{"pass@1": 0.1241768292682927, "pass@10": 0.31350340432684176, "pass@100": 0.5719815685597749}