{"pass@1": 0.010884146341463412, "pass@10": 0.0204698730556303, "pass@100": 0.024390015529347924}
