{"pass@1": 0.006280487804878045, "pass@10": 0.026009163207167528, "pass@100": 0.05984997350284466}
