{"pass@1": 0.008780487804878046, "pass@10": 0.030820338776489986, "pass@100": 0.062387340209433206}
