{"pass@1": 0.037652439024390236, "pass@10": 0.10831540379700451, "pass@100": 0.205775485115887}