{"pass@1": 0.04570121951219513, "pass@10": 0.117884729827646, "pass@100": 0.19611979128049198}