{"pass@1": 0.033170731707317075, "pass@10": 0.07522490319937647, "pass@100": 0.12842803195720306}