{"pass@1": 0.026158536585365853, "pass@10": 0.06752487057283331, "pass@100": 0.1292219313209591}