{"pass@1": 0.04899390243902439, "pass@10": 0.08375151731044363, "pass@100": 0.12122738924701201}