{"pass@1": 0.05399390243902439, "pass@10": 0.15409790533073206, "pass@100": 0.2868054870595982}