{"pass@1": 0.0649390243902439, "pass@10": 0.1737978126124007, "pass@100": 0.29471694245807306}