{"pass@1": 0.07725609756097562, "pass@10": 0.14863415439096067, "pass@100": 0.18884151635591478}